{"metrics":{"Precision":0.7894737,"Recall":1,"F1":0.88235295,"AP50":0.99762344,"mAP":0.687309,"IoUAvg":0.847974,"IoU50":1,"IoU75":0.8888889,"IoU90":0.33333334,"CenterErr":2.975281,"CornerErr":10.038507,"AreaRatioMean":0.9580889,"AreaRatioStd":0.18180777,"AspectDiffMean":0.11504124,"AspectDiffStd":0.4930828,"AvgMs":299.74056599999994,"MedianMs":273.1823,"StdMs":96.81543681729399,"P50Ms":273.07095000000004,"P90Ms":428.1754999999999,"P99Ms":847.9148,"FP":12,"FN":0,"FPS":3.336218428305764},"times":[847.9148,455.8858,435.7159,476.4462,481.2293,274.7572,331.7934,269.456,290.0861,250.5606,275.7823,278.2439,284.9965,253.3096,271.9847,291.4822,314.0891,278.7168,277.3442,272.1299,243.8701,272.9596,275.2768,288.9397,242.0272,268.4885,242.7328,267.1222,273.1823,250.5874,360.3119,292.1039,279.8682,248.4828,269.4414,272.5745,242.8764,265.514,276.5116,247.5379,337.6508,243.7607,269.8895,243.0312,264.0446,270.3125,252.2595,300.2368,237.3617,276.1473],"ious":[0.7945961,0.94364214,0.9491913,0.86295384,0.81166494,0.9238945,0.8957202,0.9358163,0.8821329,0.9203059,0.95969534,0.8966846,0.91665,0.706316,0.8147476,0.87914836,0.8673319,0.9043927,0.91919893,0.88270825,0.8458595,0.8500971,0.91316813,0.6957836,0.8452962,0.7983879,0.82114255,0.7731906,0.9049407,0.88771003,0.75130594,0.89008015,0.95801735,0.6989418,0.52809834,0.9718068,0.9153758,0.88003623,0.81202924,0.79471976,0.513695,0.9021517,0.8809834,0.8724173,0.78680223]}