{"metrics":{"Precision":0.1,"Recall":0.93333334,"F1":0.18064517,"AP50":0.39916605,"mAP":0.3165945,"IoUAvg":0.85001713,"IoU50":1,"IoU75":0.88095236,"IoU90":0.30952382,"CenterErr":3.40115,"CornerErr":10.832577,"AreaRatioMean":0.98882395,"AreaRatioStd":0.18924898,"AspectDiffMean":0.14692594,"AspectDiffStd":0.5627983,"AvgMs":144.73688600000003,"MedianMs":132.3216,"StdMs":34.55406681892023,"P50Ms":132.15605,"P90Ms":167.67985000000002,"P99Ms":287.1144,"FP":378,"FN":3,"FPS":6.909088813752701},"times":[255.281,142.8552,261.1574,132.3216,159.7489,123.1085,163.3846,117.8251,131.9905,129.4778,168.1571,131.1018,192.651,129.0918,152.8517,118.7527,150.1778,121.3795,129.2638,139.3633,131.1895,122.1314,287.1144,142.7997,129.6173,125.1059,152.7009,121.9815,152.4368,117.4127,128.0735,143.7755,134.4477,120.9401,152.8484,123.8465,134.5327,129.1776,130.9496,145.1474,128.1441,149.8125,132.4255,126.933,149.2889,126.8822,150.3705,124.215,129.8459,142.7565],"ious":[0.9406902,0.9315829,0.89906484,0.8672022,0.8698129,0.9309342,0.9235442,0.9755715,0.89395046,0.87266785,0.896414,0.9596819,0.83718836,0.95164716,0.90809166,0.8929982,0.5662507,0.9002996,0.759972,0.952654,0.8933137,0.74262136,0.8179964,0.8468077,0.86386925,0.88704175,0.8730387,0.88624185,0.92693007,0.55619013,0.8591533,0.912992,0.9263257,0.85116786,0.87936765,0.77369106,0.80393255,0.6748012,0.78338325,0.5271213,0.7915539,0.8929599]}